{
  "hash": "4d56f5aa",
  "configHash": "7aa90ef4",
  "lockfileHash": "b44fd253",
  "browserHash": "e8b64f57",
  "optimized": {
    "@angular/common": {
      "src": "../../../../../../node_modules/@angular/common/fesm2022/common.mjs",
      "file": "@angular_common.js",
      "fileHash": "17b71d5a",
      "needsInterop": false
    },
    "@angular/core": {
      "src": "../../../../../../node_modules/@angular/core/fesm2022/core.mjs",
      "file": "@angular_core.js",
      "fileHash": "6ff1d08a",
      "needsInterop": false
    },
    "@angular/platform-browser": {
      "src": "../../../../../../node_modules/@angular/platform-browser/fesm2022/platform-browser.mjs",
      "file": "@angular_platform-browser.js",
      "fileHash": "1cff8b5c",
      "needsInterop": false
    }
  },
  "chunks": {
    "chunk-4BJDXJ2Y": {
      "file": "chunk-4BJDXJ2Y.js"
    },
    "chunk-FNWGKWM6": {
      "file": "chunk-FNWGKWM6.js"
    }
  }
}