{
  "hash": "cca1ad3c",
  "configHash": "ca30adc7",
  "lockfileHash": "fd5169dc",
  "browserHash": "c7b1dea6",
  "optimized": {
    "@angular/core": {
      "src": "../../../../../../node_modules/@angular/core/fesm2022/core.mjs",
      "file": "@angular_core.js",
      "fileHash": "8848363d",
      "needsInterop": false
    },
    "@angular/platform-browser": {
      "src": "../../../../../../node_modules/@angular/platform-browser/fesm2022/platform-browser.mjs",
      "file": "@angular_platform-browser.js",
      "fileHash": "ac97da8e",
      "needsInterop": false
    },
    "@angular/router": {
      "src": "../../../../../../node_modules/@angular/router/fesm2022/router.mjs",
      "file": "@angular_router.js",
      "fileHash": "978e49ce",
      "needsInterop": false
    }
  },
  "chunks": {
    "chunk-EK6OQREH": {
      "file": "chunk-EK6OQREH.js"
    },
    "chunk-HCNZ5MW6": {
      "file": "chunk-HCNZ5MW6.js"
    }
  }
}