{
  "hash": "b12c8d02",
  "configHash": "24fa0233",
  "lockfileHash": "b44fd253",
  "browserHash": "802d0f5c",
  "optimized": {
    "@angular/common": {
      "src": "../../../../../../node_modules/@angular/common/fesm2022/common.mjs",
      "file": "@angular_common.js",
      "fileHash": "a74c72ad",
      "needsInterop": false
    },
    "@angular/core": {
      "src": "../../../../../../node_modules/@angular/core/fesm2022/core.mjs",
      "file": "@angular_core.js",
      "fileHash": "6b079f8b",
      "needsInterop": false
    },
    "@angular/platform-browser": {
      "src": "../../../../../../node_modules/@angular/platform-browser/fesm2022/platform-browser.mjs",
      "file": "@angular_platform-browser.js",
      "fileHash": "ba85ef34",
      "needsInterop": false
    },
    "@angular/platform-server": {
      "src": "../../../../../../node_modules/@angular/platform-server/fesm2022/platform-server.mjs",
      "file": "@angular_platform-server.js",
      "fileHash": "62a5aab9",
      "needsInterop": false
    },
    "@angular/router": {
      "src": "../../../../../../node_modules/@angular/router/fesm2022/router.mjs",
      "file": "@angular_router.js",
      "fileHash": "5171e010",
      "needsInterop": false
    }
  },
  "chunks": {
    "chunk-7JWLN3BQ": {
      "file": "chunk-7JWLN3BQ.js"
    },
    "chunk-WPY4FBL4": {
      "file": "chunk-WPY4FBL4.js"
    },
    "chunk-77RZBIYQ": {
      "file": "chunk-77RZBIYQ.js"
    },
    "xhr2-ISERFGGE": {
      "file": "xhr2-ISERFGGE.js"
    },
    "chunk-NQ4HTGF6": {
      "file": "chunk-NQ4HTGF6.js"
    }
  }
}